old_findID,imagedir,filename,error_message
GAT-06A665,images/derby94/,GAT-06A665_68b06c8915771.jpg,404 - Not Found
YORYM-493963,images/bmorris/,YORYM-493963_68a59124800a5.jpg,404 - Not Found
SUR-609809,images/smaslin/,SUR-609809_688773ef6844e.jpg,404 - Not Found
SUR-4C2E85,images/smaslin/,SUR-4C2E85_6874db2471a8b.jpg,404 - Not Found
BERK-8F4653,images/pipsmither/,BERK-8F4653_687611bc28843.jpg,404 - Not Found
BERK-8F1AC6,images/pipsmither/,BERK-8F1AC6_687612a110ec4.jpg,404 - Not Found
SF-683A10,images/karenh/,SF-683A10_68762c8c57dc5.jpg,404 - Not Found
KENT-55AA42,images/eb768/,KENT-55AA42_68655af514f86.jpg,404 - Not Found
WAW-932FCA,images/sburford/,WAW-932FCA_685a792a0d8a2.jpg,404 - Not Found
SWYOR-91E15B,images/ikw1945/,SWYOR-91E15B_6862c07573466.jpg,404 - Not Found
HAMP-905009,images/akendell/,HAMP-905009_68590bb613a11.jpg,404 - Not Found
LIN-561371,images/rod/,LIN-561371_68a6c5f4ac9a4.jpg,404 - Not Found
BUC-134FE1,images/ajames/,BUC-134FE1_68513593a9599.jpg,404 - Not Found
WMID-C303A6,images/tgilmore/,WMID-C303A6_686d16ce9fc4d.jpg,404 - Not Found
LVPL-167290,images/petercarey1/,LVPL-167290_685ec780e1c94.jpg,404 - Not Found
ESS-F092BB,images/lrogerson/,ESS-F092BB_6842e05912ec8.jpg,404 - Not Found
SF-5C3305,images/karenh/,SF-5C3305_68664e4d52a71.jpg,404 - Not Found
OXON-DB458E,images/bertie123/,OXON-DB458E_682db7cac04ab.jpg,404 - Not Found
